Month,Year,,
,,,
Monthly Theme,,,
,,,
Monthly Goals,Status,Target Date,Notes
Goal 1,,,
Goal 2,,,
Goal 3,,,
Goal 4,,,
Goal 5,,,
,,,
Key Projects,Owner,Deadline,Priority
Project 1,,,
Project 2,,,
Project 3,,,
,,,
Week,Focus Area,Key Deliverables,Review Notes
Week 1,,,
Week 2,,,
Week 3,,,
Week 4,,,
Week 5,,,
,,,
Important Dates,,,
Date,Event,Category,Action Required
,,,
,,,
,,,
,,,
,,,
,,,
Financial Goals,,,
Income target,,,
Savings goal,,,
Investment amount,,,
,,,
Personal Development,,,
Skills to learn,,,
Books to read,,,
Courses to take,,,
,,,
Health & Wellness,,,
Fitness goal,,,
Nutrition focus,,,
Self-care activities,,,
,,,
Monthly Review,,,
Biggest accomplishment,,,
What I'm grateful for,,,
What I learned,,,
What to improve next month,,,
